{"v":"5.7.5","fr":100,"ip":0,"op":1600,"w":540,"h":570,"nm":"Comp 1","ddd":0,"assets":[],"layers":[{"ddd":0,"ind":1,"ty":3,"nm":"","sr":1,"ks":{"o":{"a":0,"k":100,"ix":2},"r":{"a":0,"k":0,"ix":2},"p":{"a":0,"k":[267.5,285],"ix":2},"a":{"a":0,"k":[208,295],"ix":2},"s":{"a":0,"k":[100,100],"ix":2}},"ao":0,"ip":0,"op":1600,"st":0,"bm":0,"hd":false},{"ddd":0,"ind":2,"ty":4,"nm":"Path's solid stroke","sr":1,"ks":{"o":{"a":0,"k":100,"ix":2},"r":{"a":0,"k":0,"ix":2},"p":{"a":0,"k":[0,0],"ix":2},"a":{"a":0,"k":[0,0],"ix":2},"s":{"a":0,"k":[100,100],"ix":2}},"ao":0,"hd":false,"parent":1,"shapes":[{"ty":"gr","hd":false,"it":[{"ty":"sh","hd":false,"d":1,"ks":{"a":0,"k":{"c":false,"v":[[315,0],[315,115.5],[225,205.5],[180,205.5],[0,385.5],[0,590]],"i":[[0,0],[0,-38.5],[30,-30],[15,0],[60,-60],[0,-68.16666666666674]],"o":[[0,38.5],[-30,30],[-15,0],[-60,60],[0,68.16666666666663],[0,0]]}}},{"ty":"st","c":{"a":0,"k":[0.2235294117647059,0.3490196078431372,1],"ix":2},"o":{"a":0,"k":100,"ix":2},"w":{"a":0,"k":16,"ix":2},"hd":false,"lc":2,"lj":2},{"ty":"tm","s":{"a":1,"k":[{"t":100,"s":[0],"i":{"x":[0.8],"y":[1]},"o":{"x":[0.4],"y":[0]}},{"t":246,"s":[0],"i":{"x":[0.8],"y":[1]},"o":{"x":[0.4],"y":[0]}},{"t":363,"s":[100],"i":{"x":[1],"y":[1]},"o":{"x":[0],"y":[0]}}],"ix":2},"e":{"a":1,"k":[{"t":100,"s":[0],"i":{"x":[0.8],"y":[1]},"o":{"x":[0.4],"y":[0]}},{"t":246,"s":[100],"i":{"x":[0.8],"y":[1]},"o":{"x":[0.4],"y":[0]}}],"ix":2},"o":{"a":0,"k":0,"ix":2},"m":1,"hd":false},{"ty":"tr","hd":false,"p":{"a":0,"k":[53,0],"ix":2},"a":{"a":0,"k":[0,0],"ix":2},"s":{"a":0,"k":[100,100],"ix":2},"r":{"a":0,"k":0,"ix":2},"o":{"a":0,"k":100,"ix":2},"sk":{"a":0,"k":0,"ix":2},"sa":{"a":0,"k":0,"ix":2}}]}],"ip":0,"op":1600,"st":0,"bm":0},{"ddd":0,"ind":3,"ty":4,"nm":"Path's solid stroke","sr":1,"ks":{"o":{"a":0,"k":100,"ix":2},"r":{"a":0,"k":0,"ix":2},"p":{"a":0,"k":[0,0],"ix":2},"a":{"a":0,"k":[0,0],"ix":2},"s":{"a":0,"k":[100,100],"ix":2}},"ao":0,"hd":false,"parent":1,"shapes":[{"ty":"gr","hd":false,"it":[{"ty":"sh","hd":false,"d":1,"ks":{"a":0,"k":{"c":false,"v":[[0,0],[0,155],[315.5,470.5],[315.5,585]],"i":[[0,0],[0,-51.66666666666667],[-105.1666666666667,-105.1666666666667],[0,-38.16666666666663]],"o":[[0,51.66666666666666],[105.1666666666667,105.1666666666666],[0,38.16666666666663],[0,0]]}}},{"ty":"st","c":{"a":0,"k":[0.2235294117647059,0.3490196078431372,1],"ix":2},"o":{"a":0,"k":100,"ix":2},"w":{"a":0,"k":16,"ix":2},"hd":false,"lc":2,"lj":2},{"ty":"tm","s":{"a":1,"k":[{"t":464,"s":[0],"i":{"x":[0.8],"y":[1]},"o":{"x":[0.4],"y":[0]}},{"t":607,"s":[0],"i":{"x":[0.8],"y":[1]},"o":{"x":[0.4],"y":[0]}},{"t":717,"s":[100],"i":{"x":[1],"y":[1]},"o":{"x":[0],"y":[0]}}],"ix":2},"e":{"a":1,"k":[{"t":464,"s":[0],"i":{"x":[0.8],"y":[1]},"o":{"x":[0.4],"y":[0]}},{"t":607,"s":[100],"i":{"x":[0.8],"y":[1]},"o":{"x":[0.4],"y":[0]}}],"ix":2},"o":{"a":0,"k":0,"ix":2},"m":1,"hd":false},{"ty":"tr","hd":false,"p":{"a":0,"k":[52.5,3.5],"ix":2},"a":{"a":0,"k":[0,0],"ix":2},"s":{"a":0,"k":[100,100],"ix":2},"r":{"a":0,"k":0,"ix":2},"o":{"a":0,"k":100,"ix":2},"sk":{"a":0,"k":0,"ix":2},"sa":{"a":0,"k":0,"ix":2}}]}],"ip":0,"op":1600,"st":0,"bm":0},{"ddd":0,"ind":4,"ty":4,"nm":"Path's solid stroke","sr":1,"ks":{"o":{"a":0,"k":100,"ix":2},"r":{"a":0,"k":0,"ix":2},"p":{"a":0,"k":[0,0],"ix":2},"a":{"a":0,"k":[0,0],"ix":2},"s":{"a":0,"k":[100,100],"ix":2}},"ao":0,"hd":false,"parent":1,"shapes":[{"ty":"gr","hd":false,"it":[{"ty":"sh","hd":false,"d":1,"ks":{"a":0,"k":{"c":false,"v":[[90,0],[90,67],[0,157],[0,382],[179.5,561.5],[179.5,586.5]],"i":[[0,0],[0,-22.33333333333334],[30,-30],[0,-75],[-59.83333333333337,-59.83333333333337],[0,-8.333333333333371]],"o":[[0,22.33333333333333],[-30,30],[0,75],[59.83333333333331,59.83333333333331],[0,8.333333333333371],[0,0]]}}},{"ty":"st","c":{"a":0,"k":[0.2235294117647059,0.3490196078431372,1],"ix":2},"o":{"a":0,"k":100,"ix":2},"w":{"a":0,"k":16,"ix":2},"hd":false,"lc":2,"lj":2},{"ty":"tm","s":{"a":1,"k":[{"t":809,"s":[0],"i":{"x":[0.8],"y":[1]},"o":{"x":[0.4],"y":[0]}},{"t":929,"s":[0],"i":{"x":[0.8],"y":[1]},"o":{"x":[0.4],"y":[0]}},{"t":1015,"s":[100],"i":{"x":[1],"y":[1]},"o":{"x":[0],"y":[0]}}],"ix":2},"e":{"a":1,"k":[{"t":809,"s":[0],"i":{"x":[0.8],"y":[1]},"o":{"x":[0.4],"y":[0]}},{"t":929,"s":[100],"i":{"x":[0.8],"y":[1]},"o":{"x":[0.4],"y":[0]}}],"ix":2},"o":{"a":0,"k":0,"ix":2},"m":1,"hd":false},{"ty":"tr","hd":false,"p":{"a":0,"k":[142.5,2],"ix":2},"a":{"a":0,"k":[0,0],"ix":2},"s":{"a":0,"k":[100,100],"ix":2},"r":{"a":0,"k":0,"ix":2},"o":{"a":0,"k":100,"ix":2},"sk":{"a":0,"k":0,"ix":2},"sa":{"a":0,"k":0,"ix":2}}]}],"ip":0,"op":1600,"st":0,"bm":0},{"ddd":0,"ind":5,"ty":4,"nm":"Path's solid stroke","sr":1,"ks":{"o":{"a":0,"k":100,"ix":2},"r":{"a":0,"k":0,"ix":2},"p":{"a":0,"k":[0,0],"ix":2},"a":{"a":0,"k":[0,0],"ix":2},"s":{"a":0,"k":[100,100],"ix":2}},"ao":0,"hd":false,"parent":1,"shapes":[{"ty":"gr","hd":false,"it":[{"ty":"sh","hd":false,"d":1,"ks":{"a":0,"k":{"c":false,"v":[[0,590],[0,429.5],[45,385.5],[90,385.5],[180,295.5],[180,0]],"i":[[0,0],[0,53.5],[-15,14.66666666666669],[-15,0],[-30,30],[0,98.5]],"o":[[0,-53.5],[15,-14.66666666666669],[15,0],[30,-30],[0,-98.5],[0,0]]}}},{"ty":"st","c":{"a":0,"k":[0.2235294117647059,0.3490196078431372,1],"ix":2},"o":{"a":0,"k":100,"ix":2},"w":{"a":0,"k":16,"ix":2},"hd":false,"lc":2,"lj":2},{"ty":"tm","s":{"a":1,"k":[{"t":1111,"s":[100],"i":{"x":[0.8],"y":[1]},"o":{"x":[0.4],"y":[0]}},{"t":1228,"s":[0],"i":{"x":[0.8],"y":[1]},"o":{"x":[0.4],"y":[0]}}],"ix":2},"e":{"a":1,"k":[{"t":1111,"s":[100],"i":{"x":[0.8],"y":[1]},"o":{"x":[0.4],"y":[0]}},{"t":1228,"s":[100],"i":{"x":[0.8],"y":[1]},"o":{"x":[0.4],"y":[0]}},{"t":1318,"s":[0],"i":{"x":[1],"y":[1]},"o":{"x":[0],"y":[0]}}],"ix":2},"o":{"a":0,"k":0,"ix":2},"m":1,"hd":false},{"ty":"tr","hd":false,"p":{"a":0,"k":[228,0],"ix":2},"a":{"a":0,"k":[0,0],"ix":2},"s":{"a":0,"k":[100,100],"ix":2},"r":{"a":0,"k":0,"ix":2},"o":{"a":0,"k":100,"ix":2},"sk":{"a":0,"k":0,"ix":2},"sa":{"a":0,"k":0,"ix":2}}]}],"ip":0,"op":1600,"st":0,"bm":0},{"ddd":0,"ind":6,"ty":4,"nm":"Path's solid stroke","sr":1,"ks":{"o":{"a":0,"k":100,"ix":2},"r":{"a":0,"k":0,"ix":2},"p":{"a":0,"k":[0,0],"ix":2},"a":{"a":0,"k":[0,0],"ix":2},"s":{"a":0,"k":[100,100],"ix":2}},"ao":0,"hd":false,"parent":1,"shapes":[{"ty":"gr","hd":false,"it":[{"ty":"sh","hd":false,"d":1,"ks":{"a":0,"k":{"c":false,"v":[[0,590],[0,339.5],[225,115.5],[270,115.5],[315,69.5],[315,0]],"i":[[0,0],[0,83.5],[-87.868,87.868],[-15,0],[-15,15.33333333333334],[0,23.16666666666667]],"o":[[0,-83.5],[0,0],[15,0],[15,-15.33333333333333],[0,-23.16666666666666],[0,0]]}}},{"ty":"st","c":{"a":0,"k":[0.2235294117647059,0.3490196078431372,1],"ix":2},"o":{"a":0,"k":100,"ix":2},"w":{"a":0,"k":16,"ix":2},"hd":false,"lc":2,"lj":2},{"ty":"tm","s":{"a":1,"k":[{"t":1406,"s":[100],"i":{"x":[0.8],"y":[1]},"o":{"x":[0.4],"y":[0]}},{"t":1520,"s":[0],"i":{"x":[0.8],"y":[1]},"o":{"x":[0.4],"y":[0]}}],"ix":2},"e":{"a":1,"k":[{"t":1406,"s":[100],"i":{"x":[0.8],"y":[1]},"o":{"x":[0.4],"y":[0]}},{"t":1520,"s":[100],"i":{"x":[0.8],"y":[1]},"o":{"x":[0.4],"y":[0]}},{"t":1600,"s":[0],"i":{"x":[1],"y":[1]},"o":{"x":[0],"y":[0]}}],"ix":2},"o":{"a":1,"k":[{"t":1406,"s":[0],"i":{"x":[0.8],"y":[1]},"o":{"x":[0.4],"y":[0]}},{"t":1520,"s":[0],"i":{"x":[0.8],"y":[1]},"o":{"x":[0.4],"y":[0]}},{"t":1600,"s":[0],"i":{"x":[1],"y":[1]},"o":{"x":[0],"y":[0]}}],"ix":2},"m":1,"hd":false},{"ty":"tr","hd":false,"p":{"a":0,"k":[8,0],"ix":2},"a":{"a":0,"k":[0,0],"ix":2},"s":{"a":0,"k":[100,100],"ix":2},"r":{"a":0,"k":0,"ix":2},"o":{"a":0,"k":100,"ix":2},"sk":{"a":0,"k":0,"ix":2},"sa":{"a":0,"k":0,"ix":2}}]}],"ip":0,"op":1600,"st":0,"bm":0}],"markers":[]}