{"v":"5.7.5","fr":100,"ip":0,"op":200,"w":540,"h":590,"nm":"Comp 1","ddd":0,"assets":[],"layers":[{"ddd":0,"ind":1,"ty":3,"nm":"","sr":1,"ks":{"o":{"a":0,"k":100,"ix":2},"r":{"a":0,"k":0,"ix":2},"p":{"a":0,"k":[290,295],"ix":2},"a":{"a":0,"k":[210,295],"ix":2},"s":{"a":0,"k":[100,100],"ix":2}},"ao":0,"ip":0,"op":200,"st":0,"bm":0,"hd":false},{"ddd":0,"ind":2,"ty":4,"nm":"Path's solid stroke","sr":1,"ks":{"o":{"a":0,"k":100,"ix":2},"r":{"a":0,"k":0,"ix":2},"p":{"a":0,"k":[0,0],"ix":2},"a":{"a":0,"k":[0,0],"ix":2},"s":{"a":0,"k":[100,100],"ix":2}},"ao":0,"hd":false,"parent":1,"shapes":[{"ty":"gr","hd":false,"it":[{"ty":"sh","hd":false,"d":1,"ks":{"a":0,"k":{"c":false,"v":[[178,0],[178,156.5],[88,246.5],[88,338],[0,429],[0,590]],"i":[[0,0],[0,-52.16666666666667],[30,-30],[0,-30.5],[29.33333333333331,-30.33333333333331],[0,-53.66666666666663]],"o":[[0,52.16666666666666],[-30,30],[0,30.5],[-29.33333333333331,30.33333333333331],[0,53.66666666666669],[0,0]]}}},{"ty":"st","c":{"a":0,"k":[0.9176470588235294,0.8588235294117647,0.3568627450980392],"ix":2},"o":{"a":0,"k":100,"ix":2},"w":{"a":0,"k":16,"ix":2},"hd":false,"lc":2,"lj":2},{"ty":"tm","s":{"a":0,"k":0,"ix":2},"e":{"a":1,"k":[{"t":105,"s":[0],"i":{"x":[0.8],"y":[1]},"o":{"x":[0.4],"y":[0]}},{"t":200,"s":[100],"i":{"x":[0.8],"y":[1]},"o":{"x":[0.4],"y":[0]}}],"ix":2},"o":{"a":0,"k":0,"ix":2},"m":1,"hd":false},{"ty":"tr","hd":false,"p":{"a":0,"k":[234,0],"ix":2},"a":{"a":0,"k":[0,0],"ix":2},"s":{"a":0,"k":[100,100],"ix":2},"r":{"a":0,"k":0,"ix":2},"o":{"a":0,"k":100,"ix":2},"sk":{"a":0,"k":0,"ix":2},"sa":{"a":0,"k":0,"ix":2}}]}],"ip":0,"op":200,"st":0,"bm":0},{"ddd":0,"ind":3,"ty":4,"nm":"Path's solid stroke","sr":1,"ks":{"o":{"a":0,"k":100,"ix":2},"r":{"a":0,"k":0,"ix":2},"p":{"a":0,"k":[0,0],"ix":2},"a":{"a":0,"k":[0,0],"ix":2},"s":{"a":0,"k":[100,100],"ix":2}},"ao":0,"hd":false,"parent":1,"shapes":[{"ty":"gr","hd":false,"it":[{"ty":"sh","hd":false,"d":1,"ks":{"a":0,"k":{"c":false,"v":[[228,0],[228,115.5],[138,205.5],[93,205.5],[0,298.5],[0,590]],"i":[[0,0],[0,-38.5],[30,-30],[15,0],[31,-31],[0,-97.16666666666669]],"o":[[0,38.5],[-30,30],[-15,0],[-31,31],[0,97.16666666666663],[0,0]]}}},{"ty":"st","c":{"a":0,"k":[0.9176470588235294,0.8588235294117647,0.3568627450980392],"ix":2},"o":{"a":0,"k":100,"ix":2},"w":{"a":0,"k":16,"ix":2},"hd":false,"lc":2,"lj":2},{"ty":"tm","s":{"a":0,"k":0,"ix":2},"e":{"a":1,"k":[{"t":0,"s":[0],"i":{"x":[0.8],"y":[1]},"o":{"x":[0.4],"y":[0]}},{"t":96,"s":[100],"i":{"x":[0.8],"y":[1]},"o":{"x":[0.4],"y":[0]}}],"ix":2},"o":{"a":0,"k":0,"ix":2},"m":1,"hd":false},{"ty":"tr","hd":false,"p":{"a":0,"k":[141,0],"ix":2},"a":{"a":0,"k":[0,0],"ix":2},"s":{"a":0,"k":[100,100],"ix":2},"r":{"a":0,"k":0,"ix":2},"o":{"a":0,"k":100,"ix":2},"sk":{"a":0,"k":0,"ix":2},"sa":{"a":0,"k":0,"ix":2}}]}],"ip":0,"op":200,"st":0,"bm":0},{"ddd":0,"ind":4,"ty":4,"nm":"Path's solid stroke","sr":1,"ks":{"o":{"a":0,"k":100,"ix":2},"r":{"a":0,"k":0,"ix":2},"p":{"a":0,"k":[0,0],"ix":2},"a":{"a":0,"k":[0,0],"ix":2},"s":{"a":0,"k":[100,100],"ix":2}},"ao":0,"hd":false,"parent":1,"shapes":[{"ty":"gr","hd":false,"it":[{"ty":"sh","hd":false,"d":1,"ks":{"a":0,"k":{"c":false,"v":[[0,590],[0,429.5],[0,340.5],[90,248.5],[180,160],[180,0]],"i":[[0,0],[0,53.5],[0,29.66666666666669],[-30,30.66666666666669],[-30,29.5],[0,53.33333333333334]],"o":[[0,-53.5],[0,-29.66666666666669],[30,-30.66666666666669],[30,-29.5],[0,-53.33333333333333],[0,0]]}}},{"ty":"st","c":{"a":0,"k":[0.9176470588235294,0.8588235294117647,0.3568627450980392],"ix":2},"o":{"a":0,"k":100,"ix":2},"w":{"a":0,"k":16,"ix":2},"hd":false,"lc":2,"lj":2},{"ty":"tm","s":{"a":1,"k":[{"t":40,"s":[100],"i":{"x":[0.8],"y":[1]},"o":{"x":[0.4],"y":[0]}},{"t":119,"s":[0],"i":{"x":[0.8],"y":[1]},"o":{"x":[0.4],"y":[0]}}],"ix":2},"e":{"a":0,"k":100,"ix":2},"o":{"a":0,"k":0,"ix":2},"m":1,"hd":false},{"ty":"tr","hd":false,"p":{"a":0,"k":[54,0],"ix":2},"a":{"a":0,"k":[0,0],"ix":2},"s":{"a":0,"k":[100,100],"ix":2},"r":{"a":0,"k":0,"ix":2},"o":{"a":0,"k":100,"ix":2},"sk":{"a":0,"k":0,"ix":2},"sa":{"a":0,"k":0,"ix":2}}]}],"ip":0,"op":200,"st":0,"bm":0},{"ddd":0,"ind":5,"ty":4,"nm":"Path's solid stroke","sr":1,"ks":{"o":{"a":0,"k":100,"ix":2},"r":{"a":0,"k":0,"ix":2},"p":{"a":0,"k":[0,0],"ix":2},"a":{"a":0,"k":[0,0],"ix":2},"s":{"a":0,"k":[100,100],"ix":2}},"ao":0,"hd":false,"parent":1,"shapes":[{"ty":"gr","hd":false,"it":[{"ty":"sh","hd":false,"d":1,"ks":{"a":0,"k":{"c":false,"v":[[0,590],[0,339.5],[225,115.5],[270,115.5],[315,69.5],[315,0]],"i":[[0,0],[0,83.5],[-87.868,87.868],[-15,0],[-15,15.33333333333334],[0,23.16666666666667]],"o":[[0,-83.5],[0,0],[15,0],[15,-15.33333333333333],[0,-23.16666666666666],[0,0]]}}},{"ty":"st","c":{"a":0,"k":[0.9176470588235294,0.8588235294117647,0.3568627450980392],"ix":2},"o":{"a":0,"k":100,"ix":2},"w":{"a":0,"k":16,"ix":2},"hd":false,"lc":2,"lj":2},{"ty":"tm","s":{"a":1,"k":[{"t":80,"s":[100],"i":{"x":[0.8],"y":[1]},"o":{"x":[0.4],"y":[0]}},{"t":164,"s":[0],"i":{"x":[0.8],"y":[1]},"o":{"x":[0.4],"y":[0]}}],"ix":2},"e":{"a":0,"k":100,"ix":2},"o":{"a":0,"k":0,"ix":2},"m":1,"hd":false},{"ty":"tr","hd":false,"p":{"a":0,"k":[8,0],"ix":2},"a":{"a":0,"k":[0,0],"ix":2},"s":{"a":0,"k":[100,100],"ix":2},"r":{"a":0,"k":0,"ix":2},"o":{"a":0,"k":100,"ix":2},"sk":{"a":0,"k":0,"ix":2},"sa":{"a":0,"k":0,"ix":2}}]}],"ip":0,"op":200,"st":0,"bm":0}],"markers":[]}