{"v":"5.7.5","fr":100,"ip":0,"op":250,"w":330,"h":724,"nm":"Comp 1","ddd":0,"assets":[],"layers":[{"ddd":0,"ind":1,"ty":3,"nm":"","sr":1,"ks":{"o":{"a":0,"k":100,"ix":2},"r":{"a":0,"k":0,"ix":2},"p":{"a":0,"k":[165.0000152587891,364.0000057220459],"ix":2},"a":{"a":0,"k":[98.99998474121094,364.75],"ix":2},"s":{"a":0,"k":[100,100],"ix":2}},"ao":0,"ip":0,"op":250,"st":0,"bm":0,"hd":false},{"ddd":0,"ind":2,"ty":4,"nm":"Path's solid stroke","sr":1,"ks":{"o":{"a":0,"k":100,"ix":2},"r":{"a":0,"k":0,"ix":2},"p":{"a":0,"k":[0,0],"ix":2},"a":{"a":0,"k":[0,0],"ix":2},"s":{"a":0,"k":[100,100],"ix":2}},"ao":0,"hd":false,"parent":1,"shapes":[{"ty":"gr","hd":false,"it":[{"ty":"sh","hd":false,"d":1,"ks":{"a":0,"k":{"c":false,"v":[[182.00003,726.99988],[182.00003,586.99988],[92.00003,497.49988],[92.00003,137.00088],[0,45.00048],[0,0]],"i":[[0,0],[0,46.66666666666663],[30,29.83333333333331],[0,120.1663333333333],[30.66667666666667,30.66680000000001],[0,15.00016]],"o":[[0,-46.66666666666663],[-30,-29.83333333333337],[0,-120.1663333333333],[-30.66667666666665,-30.66679999999998],[0,-15.000159999999994],[0,0]]}}},{"ty":"st","c":{"a":0,"k":[1,1,1],"ix":2},"o":{"a":0,"k":100,"ix":2},"w":{"a":0,"k":16,"ix":2},"hd":false,"lc":2,"lj":2},{"ty":"tm","s":{"a":1,"k":[{"t":0,"s":[100],"i":{"x":[0.8],"y":[1]},"o":{"x":[0.4],"y":[0]}},{"t":134,"s":[0],"i":{"x":[0.8],"y":[1]},"o":{"x":[0.4],"y":[0]}}],"ix":2},"e":{"a":0,"k":100,"ix":2},"o":{"a":0,"k":0,"ix":2},"m":1,"hd":false},{"ty":"tr","hd":false,"p":{"a":0,"k":[7.999969482421875,1.500116348266602],"ix":2},"a":{"a":0,"k":[0,0],"ix":2},"s":{"a":0,"k":[100,100],"ix":2},"r":{"a":0,"k":0,"ix":2},"o":{"a":0,"k":100,"ix":2},"sk":{"a":0,"k":0,"ix":2},"sa":{"a":0,"k":0,"ix":2}}]}],"ip":0,"op":250,"st":0,"bm":0},{"ddd":0,"ind":3,"ty":4,"nm":"Path's solid stroke","sr":1,"ks":{"o":{"a":0,"k":100,"ix":2},"r":{"a":0,"k":0,"ix":2},"p":{"a":0,"k":[0,0],"ix":2},"a":{"a":0,"k":[0,0],"ix":2},"s":{"a":0,"k":[100,100],"ix":2}},"ao":0,"hd":false,"parent":1,"shapes":[{"ty":"gr","hd":false,"it":[{"ty":"sh","hd":false,"d":1,"ks":{"a":0,"k":{"c":false,"v":[[0,726.50006],[0.0003999999999990678,677.50006],[136.0006,541.50006],[136.0006,183.00006],[90.00059999999999,137.00006],[90.00059999999999,0]],"i":[[0,0],[-0.0001333333333306541,16.33333333333337],[-45.33340000000001,45.33333333333337],[0,119.5],[15.33333333333334,15.33333333333334],[0,45.66668666666667]],"o":[[0.0001333333333306541,-16.33333333333337],[45.3334,-45.33333333333337],[0,-119.49999999999994],[-15.33333333333334,-15.33333333333334],[0,-45.66668666666665],[0,0]]}}},{"ty":"st","c":{"a":0,"k":[1,1,1],"ix":2},"o":{"a":0,"k":100,"ix":2},"w":{"a":0,"k":16,"ix":2},"hd":false,"lc":2,"lj":2},{"ty":"tm","s":{"a":1,"k":[{"t":59,"s":[100],"i":{"x":[0.8],"y":[1]},"o":{"x":[0.4],"y":[0]}},{"t":174,"s":[0],"i":{"x":[0.8],"y":[1]},"o":{"x":[0.4],"y":[0]}}],"ix":2},"e":{"a":0,"k":100,"ix":2},"o":{"a":0,"k":0,"ix":2},"m":1,"hd":false},{"ty":"tr","hd":false,"p":{"a":0,"k":[53.49939727783203,1.49993896484375],"ix":2},"a":{"a":0,"k":[0,0],"ix":2},"s":{"a":0,"k":[100,100],"ix":2},"r":{"a":0,"k":0,"ix":2},"o":{"a":0,"k":100,"ix":2},"sk":{"a":0,"k":0,"ix":2},"sa":{"a":0,"k":0,"ix":2}}]}],"ip":0,"op":250,"st":0,"bm":0},{"ddd":0,"ind":4,"ty":4,"nm":"Path's solid stroke","sr":1,"ks":{"o":{"a":0,"k":100,"ix":2},"r":{"a":0,"k":0,"ix":2},"p":{"a":0,"k":[0,0],"ix":2},"a":{"a":0,"k":[0,0],"ix":2},"s":{"a":0,"k":[100,100],"ix":2}},"ao":0,"hd":false,"parent":1,"shapes":[{"ty":"gr","hd":false,"it":[{"ty":"sh","hd":false,"d":1,"ks":{"a":0,"k":{"c":false,"v":[[90.00002,726.50001],[90.00002,677.00001],[9.999999999621423e-06,587.00001],[0,317.00001],[180.00002,137.00001],[180.00002,0]],"i":[[0,0],[0,16.5],[30.00000333333334,30],[3.33333333379926e-06,90],[-60.00000666666668,60],[0,45.66667000000001]],"o":[[0,-16.5],[-30.00000333333333,-30],[-3.33333333379926e-06,-90],[60.00000666666667,-60],[0,-45.66667],[0,0]]}}},{"ty":"st","c":{"a":0,"k":[1,1,1],"ix":2},"o":{"a":0,"k":100,"ix":2},"w":{"a":0,"k":16,"ix":2},"hd":false,"lc":2,"lj":2},{"ty":"tm","s":{"a":1,"k":[{"t":119,"s":[100],"i":{"x":[0.8],"y":[1]},"o":{"x":[0.4],"y":[0]}},{"t":221,"s":[0],"i":{"x":[0.8],"y":[1]},"o":{"x":[0.4],"y":[0]}}],"ix":2},"e":{"a":0,"k":100,"ix":2},"o":{"a":0,"k":0,"ix":2},"m":1,"hd":false},{"ty":"tr","hd":false,"p":{"a":0,"k":[9.499963760375977,1.499982833862305],"ix":2},"a":{"a":0,"k":[0,0],"ix":2},"s":{"a":0,"k":[100,100],"ix":2},"r":{"a":0,"k":0,"ix":2},"o":{"a":0,"k":100,"ix":2},"sk":{"a":0,"k":0,"ix":2},"sa":{"a":0,"k":0,"ix":2}}]}],"ip":0,"op":250,"st":0,"bm":0},{"ddd":0,"ind":5,"ty":4,"nm":"Path's solid stroke","sr":1,"ks":{"o":{"a":0,"k":100,"ix":2},"r":{"a":0,"k":0,"ix":2},"p":{"a":0,"k":[0,0],"ix":2},"a":{"a":0,"k":[0,0],"ix":2},"s":{"a":0,"k":[100,100],"ix":2}},"ao":0,"hd":false,"parent":1,"shapes":[{"ty":"gr","hd":false,"it":[{"ty":"sh","hd":false,"d":1,"ks":{"a":0,"k":{"c":false,"v":[[90.5,728.5],[90.5,588.5],[0,498],[0,0]],"i":[[0,0],[0,46.66666666666663],[30.16666666666667,30.16666666666663],[0,166]],"o":[[0,-46.66666666666663],[-30.16666666666666,-30.16666666666663],[0,-166],[0,0]]}}},{"ty":"st","c":{"a":0,"k":[1,1,1],"ix":2},"o":{"a":0,"k":100,"ix":2},"w":{"a":0,"k":16,"ix":2},"hd":false,"lc":2,"lj":2},{"ty":"tm","s":{"a":1,"k":[{"t":143,"s":[100],"i":{"x":[0.8],"y":[1]},"o":{"x":[0.4],"y":[0]}},{"t":250,"s":[0],"i":{"x":[0.8],"y":[1]},"o":{"x":[0.4],"y":[0]}}],"ix":2},"e":{"a":0,"k":100,"ix":2},"o":{"a":0,"k":0,"ix":2},"m":1,"hd":false},{"ty":"tr","hd":false,"p":{"a":0,"k":[56,0.5],"ix":2},"a":{"a":0,"k":[0,0],"ix":2},"s":{"a":0,"k":[100,100],"ix":2},"r":{"a":0,"k":0,"ix":2},"o":{"a":0,"k":100,"ix":2},"sk":{"a":0,"k":0,"ix":2},"sa":{"a":0,"k":0,"ix":2}}]}],"ip":0,"op":250,"st":0,"bm":0}],"markers":[]}