{"v":"5.7.5","fr":100,"ip":0,"op":250,"w":540,"h":570,"nm":"Comp 1","ddd":0,"assets":[],"layers":[{"ddd":0,"ind":1,"ty":4,"nm":"Path's solid stroke","sr":1,"ks":{"o":{"a":0,"k":100,"ix":2},"r":{"a":0,"k":0,"ix":2},"p":{"a":0,"k":[0,0],"ix":2},"a":{"a":0,"k":[0,0],"ix":2},"s":{"a":0,"k":[100,100],"ix":2}},"ao":0,"hd":false,"shapes":[{"ty":"gr","hd":false,"it":[{"ty":"sh","hd":false,"d":1,"ks":{"a":0,"k":{"c":false,"v":[[0,590],[0,519.5],[90,429.5],[180,429.5],[270,339.5],[270,0]],"i":[[0,0],[0,23.5],[-30,30],[-30,0],[-30,30],[0,113.1666666666667]],"o":[[0,-23.5],[30,-30],[30,0],[30,-30],[0,-113.1666666666667],[0,0]]}}},{"ty":"st","c":{"a":0,"k":[1,1,1],"ix":2},"o":{"a":0,"k":100,"ix":2},"w":{"a":0,"k":16,"ix":2},"hd":false,"lc":2,"lj":2},{"ty":"tm","s":{"a":1,"k":[{"t":0,"s":[100],"i":{"x":[0.8],"y":[1]},"o":{"x":[0.4],"y":[0]}},{"t":144,"s":[0],"i":{"x":[0.8],"y":[1]},"o":{"x":[0.4],"y":[0]}}],"ix":2},"e":{"a":0,"k":100,"ix":2},"o":{"a":0,"k":0,"ix":2},"m":1,"hd":false},{"ty":"tr","hd":false,"p":{"a":0,"k":[122,-16],"ix":2},"a":{"a":0,"k":[0,0],"ix":2},"s":{"a":0,"k":[100,100],"ix":2},"r":{"a":0,"k":0,"ix":2},"o":{"a":0,"k":100,"ix":2},"sk":{"a":0,"k":0,"ix":2},"sa":{"a":0,"k":0,"ix":2}}]}],"ip":0,"op":250,"st":0,"bm":0},{"ddd":0,"ind":2,"ty":4,"nm":"Path's solid stroke","sr":1,"ks":{"o":{"a":0,"k":100,"ix":2},"r":{"a":0,"k":0,"ix":2},"p":{"a":0,"k":[0,0],"ix":2},"a":{"a":0,"k":[0,0],"ix":2},"s":{"a":0,"k":[100,100],"ix":2}},"ao":0,"hd":false,"shapes":[{"ty":"gr","hd":false,"it":[{"ty":"sh","hd":false,"d":1,"ks":{"a":0,"k":{"c":false,"v":[[0,590],[0,429.5],[45,385.5],[90,385.5],[180,295.5],[180,0]],"i":[[0,0],[0,53.5],[-15,14.66666666666669],[-15,0],[-30,30],[0,98.5]],"o":[[0,-53.5],[15,-14.66666666666669],[15,0],[30,-30],[0,-98.5],[0,0]]}}},{"ty":"st","c":{"a":0,"k":[1,1,1],"ix":2},"o":{"a":0,"k":100,"ix":2},"w":{"a":0,"k":16,"ix":2},"hd":false,"lc":2,"lj":2},{"ty":"tm","s":{"a":1,"k":[{"t":60,"s":[100],"i":{"x":[0.8],"y":[1]},"o":{"x":[0.4],"y":[0]}},{"t":168,"s":[0],"i":{"x":[0.8],"y":[1]},"o":{"x":[0.4],"y":[0]}}],"ix":2},"e":{"a":0,"k":100,"ix":2},"o":{"a":1,"k":[{"t":60,"s":[0],"i":{"x":[0.8],"y":[1]},"o":{"x":[0.4],"y":[0]}},{"t":168,"s":[0],"i":{"x":[0.8],"y":[1]},"o":{"x":[0.4],"y":[0]}}],"ix":2},"m":1,"hd":false},{"ty":"tr","hd":false,"p":{"a":0,"k":[167,-16],"ix":2},"a":{"a":0,"k":[0,0],"ix":2},"s":{"a":0,"k":[100,100],"ix":2},"r":{"a":0,"k":0,"ix":2},"o":{"a":0,"k":100,"ix":2},"sk":{"a":0,"k":0,"ix":2},"sa":{"a":0,"k":0,"ix":2}}]}],"ip":0,"op":250,"st":0,"bm":0},{"ddd":0,"ind":3,"ty":4,"nm":"Path's solid stroke","sr":1,"ks":{"o":{"a":0,"k":100,"ix":2},"r":{"a":0,"k":0,"ix":2},"p":{"a":0,"k":[0,0],"ix":2},"a":{"a":0,"k":[0,0],"ix":2},"s":{"a":0,"k":[100,100],"ix":2}},"ao":0,"hd":false,"shapes":[{"ty":"gr","hd":false,"it":[{"ty":"sh","hd":false,"d":1,"ks":{"a":0,"k":{"c":false,"v":[[315,590],[315,339.5],[90,115.5],[45,115.5],[0,69.5],[0,0]],"i":[[0,0],[0,83.5],[87.868,87.868],[15,0],[15,15.33333333333334],[0,23.16666666666667]],"o":[[0,-83.5],[0,0],[-15,0],[-15,-15.33333333333333],[0,-23.16666666666666],[0,0]]}}},{"ty":"st","c":{"a":0,"k":[1,1,1],"ix":2},"o":{"a":0,"k":100,"ix":2},"w":{"a":0,"k":16,"ix":2},"hd":false,"lc":2,"lj":2},{"ty":"tm","s":{"a":1,"k":[{"t":0,"s":[100],"i":{"x":[0.8],"y":[1]},"o":{"x":[0.4],"y":[0]}},{"t":120,"s":[0],"i":{"x":[0.8],"y":[1]},"o":{"x":[0.4],"y":[0]}}],"ix":2},"e":{"a":0,"k":100,"ix":2},"o":{"a":0,"k":0,"ix":2},"m":1,"hd":false},{"ty":"tr","hd":false,"p":{"a":0,"k":[122,-16],"ix":2},"a":{"a":0,"k":[0,0],"ix":2},"s":{"a":0,"k":[100,100],"ix":2},"r":{"a":0,"k":0,"ix":2},"o":{"a":0,"k":100,"ix":2},"sk":{"a":0,"k":0,"ix":2},"sa":{"a":0,"k":0,"ix":2}}]}],"ip":0,"op":250,"st":0,"bm":0},{"ddd":0,"ind":4,"ty":4,"nm":"Path's solid stroke","sr":1,"ks":{"o":{"a":0,"k":100,"ix":2},"r":{"a":0,"k":0,"ix":2},"p":{"a":0,"k":[0,0],"ix":2},"a":{"a":0,"k":[0,0],"ix":2},"s":{"a":0,"k":[100,100],"ix":2}},"ao":0,"hd":false,"shapes":[{"ty":"gr","hd":false,"it":[{"ty":"sh","hd":false,"d":1,"ks":{"a":0,"k":{"c":false,"v":[[0,446.5],[0,422],[90,332],[225,332],[270,286],[270,62],[332,0]],"i":[[0,0],[0,8.166666666666629],[-30,30],[-45,0],[-15,15.33333333333331],[0,74.66666666666669],[-20.66666666666669,20.66666666666669]],"o":[[0,-8.166666666666629],[30,-30],[45,0],[15,-15.33333333333331],[0,-74.66666666666663],[20.66666666666669,-20.66666666666666],[0,0]]}}},{"ty":"st","c":{"a":0,"k":[1,1,1],"ix":2},"o":{"a":0,"k":100,"ix":2},"w":{"a":0,"k":16,"ix":2},"hd":false,"lc":2,"lj":2},{"ty":"tm","s":{"a":1,"k":[{"t":81,"s":[100],"i":{"x":[0.8],"y":[1]},"o":{"x":[0.4],"y":[0]}},{"t":197,"s":[0],"i":{"x":[1],"y":[1]},"o":{"x":[0],"y":[0]}}],"ix":2},"e":{"a":0,"k":100,"ix":2},"o":{"a":0,"k":0,"ix":2},"m":1,"hd":false},{"ty":"tr","hd":false,"p":{"a":0,"k":[212,127.5],"ix":2},"a":{"a":0,"k":[0,0],"ix":2},"s":{"a":0,"k":[100,100],"ix":2},"r":{"a":0,"k":0,"ix":2},"o":{"a":0,"k":100,"ix":2},"sk":{"a":0,"k":0,"ix":2},"sa":{"a":0,"k":0,"ix":2}}]}],"ip":0,"op":250,"st":0,"bm":0},{"ddd":0,"ind":5,"ty":4,"nm":"Path's solid stroke","sr":1,"ks":{"o":{"a":0,"k":100,"ix":2},"r":{"a":0,"k":0,"ix":2},"p":{"a":0,"k":[0,0],"ix":2},"a":{"a":0,"k":[0,0],"ix":2},"s":{"a":0,"k":[100,100],"ix":2}},"ao":0,"hd":false,"shapes":[{"ty":"gr","hd":false,"it":[{"ty":"sh","hd":false,"d":1,"ks":{"a":0,"k":{"c":false,"v":[[0,0],[0,115.5],[90,205.5],[135,205.5],[315,385.5],[315,590]],"i":[[0,0],[0,-38.5],[-30,-30],[-15,0],[-60,-60],[0,-68.16666666666674]],"o":[[0,38.5],[30,30],[15,0],[60,60],[0,68.16666666666663],[0,0]]}}},{"ty":"st","c":{"a":0,"k":[1,1,1],"ix":2},"o":{"a":0,"k":100,"ix":2},"w":{"a":0,"k":16,"ix":2},"hd":false,"lc":2,"lj":2},{"ty":"tm","s":{"a":1,"k":[{"t":64,"s":[0],"i":{"x":[0.8],"y":[1]},"o":{"x":[0.4],"y":[0]}},{"t":168,"s":[0],"i":{"x":[0.8],"y":[1]},"o":{"x":[0.4],"y":[0]}}],"ix":2},"e":{"a":1,"k":[{"t":64,"s":[0],"i":{"x":[0.8],"y":[1]},"o":{"x":[0.4],"y":[0]}},{"t":168,"s":[100],"i":{"x":[0.8],"y":[1]},"o":{"x":[0.4],"y":[0]}}],"ix":2},"o":{"a":0,"k":0,"ix":2},"m":1,"hd":false},{"ty":"tr","hd":false,"p":{"a":0,"k":[77,-16],"ix":2},"a":{"a":0,"k":[0,0],"ix":2},"s":{"a":0,"k":[100,100],"ix":2},"r":{"a":0,"k":0,"ix":2},"o":{"a":0,"k":100,"ix":2},"sk":{"a":0,"k":0,"ix":2},"sa":{"a":0,"k":0,"ix":2}}]}],"ip":0,"op":250,"st":0,"bm":0},{"ddd":0,"ind":6,"ty":4,"nm":"Path's solid stroke","sr":1,"ks":{"o":{"a":0,"k":100,"ix":2},"r":{"a":0,"k":0,"ix":2},"p":{"a":0,"k":[0,0],"ix":2},"a":{"a":0,"k":[0,0],"ix":2},"s":{"a":0,"k":[100,100],"ix":2}},"ao":0,"hd":false,"shapes":[{"ty":"gr","hd":false,"it":[{"ty":"sh","hd":false,"d":1,"ks":{"a":0,"k":{"c":false,"v":[[0,590],[0,519.5],[180,339.5],[225,339.5],[270,295.5],[270,0]],"i":[[0,0],[0,23.5],[-60,60],[-15,0],[-15,14.66666666666669],[0,98.5]],"o":[[0,-23.5],[60,-60],[15,0],[15,-14.66666666666669],[0,-98.5],[0,0]]}}},{"ty":"st","c":{"a":0,"k":[1,1,1],"ix":2},"o":{"a":0,"k":100,"ix":2},"w":{"a":0,"k":16,"ix":2},"hd":false,"lc":2,"lj":2},{"ty":"tm","s":{"a":1,"k":[{"t":98,"s":[100],"i":{"x":[0.8],"y":[1]},"o":{"x":[0.4],"y":[0]}},{"t":250,"s":[0],"i":{"x":[0.8],"y":[1]},"o":{"x":[0.4],"y":[0]}}],"ix":2},"e":{"a":0,"k":100,"ix":2},"o":{"a":0,"k":0,"ix":2},"m":1,"hd":false},{"ty":"tr","hd":false,"p":{"a":0,"k":[32,-16],"ix":2},"a":{"a":0,"k":[0,0],"ix":2},"s":{"a":0,"k":[100,100],"ix":2},"r":{"a":0,"k":0,"ix":2},"o":{"a":0,"k":100,"ix":2},"sk":{"a":0,"k":0,"ix":2},"sa":{"a":0,"k":0,"ix":2}}]}],"ip":0,"op":250,"st":0,"bm":0}],"markers":[]}